,video_id,publish_at,title,channel_id,description,view_count,trending,like_count,ratings_disabled,dislike_count,comment_count,comments_disabled
0,nyvR-PDy6cg,2020-12-17T10:38:06Z,F√≠sica o Qu√≠mica: El reencuentro - Tr√°iler | Estreno el 27 de diciembre solo en ATRESplayer PREMIUM,UCMSOVP8zZq8BGwAJ2sEtOHw,"'FoQ: El reencuentro' solo en ATRESplayer PREMIUM: https://www.atresplayer.com/series/fisica-o-quimica-el-reencuentro/?so=so:sour-youtube:cn-atresplayerpremium

Si te ha gustado el v√≠deo, suscr√≠bete a nuestro canal: https://www.youtube.com/channel/UCMSOVP8zZq8BGwAJ2sEtOHw?sub_confirmation=1

La boda de Yoli es el gran evento que reune a los compa√±eros del Zurbar√°n. Un evento especial que hace que todos ellos recuerden lo bueno y lo malo de la mejor √©poca de sus vidas. Todos han cambiado con el paso del tiempo, algunos m√°s que otros, como les dicen sus profesoras, aunque algunos de ellos parece que tienen problemas para recordar quienes fueron. O tal vez lo que uno de ellos quiere olvidar es que, en realidad, durante todos estos a√±os ha estado guardando un secreto. Un secreto que le cost√≥ una amistad de este grupo de amigos. Un reencuentro es el escenario ideal para recordar sus mejores momentos, limar asperezas y confesar lo que nunca se dijeron. Porque ya se sabe que a los treinta las decisiones que se toman son para siempre.

Hazte Premium y disfruta de todo el contenido:
ATRESplayer Premium: https://account.atresmedia.com/signup?origin=atresplayer
ATRESplayer Internacional: https://suscripcion.atresplayer.com/hazte-premium/internacional/?site=atresplayer&campaign=premium-internacional&promo=1-mes-gratis&formato=youtube&cid=youtubea3ppremium&objetivo=capt

#FoQElReencuentro
#FoQ
#ATRESplayerPREMIUM",246431,1,9326,False,143,683,False
1,QCfBehS1PX4,2020-12-16T19:00:11Z,Galvan Real - Volverte A Ver (Videoclip Oficial),UCWyZhAQdbMHy8q0r5wRMGgA,"""Volverte A Ver''
Perfomed By: Galvan Real

- Videoclip: @visualandfilms
- Productor: Manu Sanchez
- Mastering: Dr. Lopez

S√≠gueme en redes sociales - Follow me on social networks
Instagram: https://www.instagram.com/galvanreal/
TikTok: http://tiktok.com/@galvanreal
Facebook: https://www.facebook.com/GALVANMUSICA",247932,1,13879,False,257,513,False
2,7Fj8zLwyjC8,2020-12-15T23:03:04Z,Myke Towers - EXTASY (Video Oficial),UCLk8IJ1TwI7Xl7UUfAD8xPQ,"Myke Towers - EXTASY (Video Oficial)

#MykeTowers  #EXTASY #NuevoSencillo

Escucha o descarga: 
https://orcd.co/paramiex


Siguenme en mis redes: 
https://www.instagram.com/myketowers/
https://www.facebook.com/myketowersofficial/",2323282,1,140622,False,1610,3686,False
3,oHmj5xETHEY,2020-12-17T19:59:49Z,The Best FIFA Football Awards‚Ñ¢ 2020 | Full Show,UCpcTrCXblq78GZrTUTLWeBw,"** Show starts at 29:45 **

The Best FIFA Football Awards‚Ñ¢ 2020 took place on 17 December 2020 as a virtual event in Zurich. 

Countdown: 00:01
Show starts: 29:45
The Best FIFA Women‚Äôs Goalkeeper Award: 41:15
The Best FIFA Men‚Äôs Goalkeeper Award: 46:55 
The FIFA Puskas Award: 51:50
The Best FIFA Women‚Äôs Coach Award: 59:43
The Best FIFA Men‚Äôs Coach Award: 1:05:22
The FIFA Fair Play Award: 1:13:40
The FIFA Fan Award: 1:17:55
Christine Sinclair: 1:22:45
FIFA FIFPRO Women‚Äôs World11: 1:26:51 
FIFA FIFPRO Men‚Äôs World11: 1:31:58
Diego Maradona Tribute: 1:38:10
Paolo Rossi Tribute: 1:50:35
The Best FIFA Women‚Äôs Player Award: 1:56:15
The Best FIFA Men‚Äôs Player Award: 2:04:38
Outro: 2:11:10

More on #TheBest FIFA Football Awards:
https://www.fifa.com/the-best-fifa-football-awards/ 

Follow the FIFA Football Awards on Facebook:
https://www.facebook.com/FIFAFootballAwards",5212097,1,201729,False,2711,2017,False
4,9WEwKPrjZSg,2020-12-17T22:58:51Z,Natos - D√âJ√Ä VU Ft. Recycled J,UCq-3_QjeLPs4yAuZEIwvHWg,"Letra: Natos, Recycled J
M√∫sica: Pablo Gareta
Guitarra: Jack Sheehan
Mezcla y M√°ster: Pablo Gareta
Animaci√≥n: KeCHAVAL Studio

www.natosywaor.com
Instagram: @natos_y_waor / @recycledj
Twitter: @natosywaor / recycled_j",66221,1,13768,False,115,599,False
5,I96S7SxeVV0,2020-12-17T23:00:10Z,HARD GZ & NIKONE - LO REAL (PROD.DUALY),UCayaN-y6-FJ5tuTcIq6iEyA,"Colaboraci√≥n in√©dita entre Hard GZ y Nikone, grabado en La Septima por Nudo, beat de Dualy, videoclip por Amaath9lives.


@hardgaliza 
@NIKONE EPK
@dualymusic
@amaath9lives


Agradecimientos a @mambru_lopez y al @hotel_rural_la_posada
Cancion en Spotify: https://open.spotify.com/album/2dWRx8YRn7RFQ4UNdjbeGq?si=C2vfgX16RGSAgiz1AH2Lhw",46987,1,11757,False,57,563,False
6,UYmewNMw_Jk,2020-12-15T18:54:51Z,Rels B - ME OLVID√â DE LOS 2 (Video Oficial),UCzmZtDoRh0zRTTuxiw3zJZg,"Official Music Video by Rels B performing Me Olvid√© De Los 2
 
Follow RelsB: 
INSTAGRAM: https://www.instagram.com/skinnyflakk/
YOUTUBE: https://www.youtube.com/user/rels9
TWITTER: https://twitter.com/SkinnyFlakk
FACEBOOK: https://www.facebook.com/relsbofficial/",1656764,1,171390,False,976,8735,False
7,wigfqU_J8Oo,2020-12-16T16:23:39Z,R√©plica de Pablo Casado a Pedro S√°nchez en el Congreso,UCPECDsPyGRW5b5E4ibCGhww,,62841,1,2921,False,286,0,False
8,92xZIHoKSC0,2020-12-17T17:00:02Z,24 Horas VIENDO con LAG ‚ÄúExperimento‚Äù,UCNfoPrh2gSZpwijbb9SOKmA,"EXPERIMENTO c√≥mo es VIVIR 24 Horas con LAG 

¬°Para viajar virtualmente por todo el mundo usa Ablo! haz clic aqu√≠: https://ablo.to/2ITwrRm

Si te ha gustado el v√≠deo te invito a darle like, es gratis. Me gustar√≠a saber si os gustan estas misiones en realidad virtual y si quer√©is mas v√≠deos as√≠.
Agradecer sobre todo al equipo de Ablo por patrocinar este v√≠deo y hacer posible esta √©pica misi√≥n. üñ§

üåä S√≠gueme en Instagram: @portillx
https://www.instagram.com/portillx/

‚ö°Ô∏è Canal de Marc: 
https://www.youtube.com/marcvilas",174996,1,27902,False,227,1156,False
9,bn8Hu4uQA1U,2020-12-17T19:00:06Z,Puedo Convencerte de que la Astrolog√≠a es una Ciencia,UCbdSYaPD-lr1kW27UJuk8Pw,"√ßÃ∑ÕÉÃ∫ÃülÃµÃïÃôÃó‡πì√ßÃ¥ÃéÃ†Ã¨√±Ã¥ÃãÕôJÃ∏ÕÅÕóÃÑÃÅÃàÕÇÃàÕÉÃìÃò‚ñà Ã∏ÕÄÕÉÕãÕÅÕêÃºÃòÃ†ÃπÕâvÃ∏ÃçÃáÃöÃ®ÃØÃ™ÃûÃòÃ®Ã© bÃ∑ÃáÃáÕÑÃõÕÅÃíÕãÃïÕãÃªÃùÕÖÃ£‚ñà ha sido siempre criticada desde las √©lites intelectuales. Es hora de hablar de la evidencia CIENT√çFICA que la apoya. Preparaos para un v√≠deo que ning√∫n ultraesc√©ptico podr√° refutar.

‚öõÔ∏èNo te pierdas ning√∫n v√≠deo: solo tienes que... SUSCRIBIRTE, ¬°es GRATIS!: https://www.youtube.com/user/QuantumFracture
üê¶¬°S√≠gueme en TWITTER! https://twitter.com/QuantumFracture
üìò¬°Y tambi√©n en FACEBOOK! https://www.facebook.com/QuantumFracture
üì∏¬°Y (s√≠, como no) tambi√©n en INSTAGRAM! https://instagram.com/quantumfracture/
üåê¬°Nuestra nueva web!  https://quantumfracture.es/

‚úä¬°HAZTE MIEMBRO DE QF! Incre√≠bles ventajas (elegir el tema de un v√≠deo, directo exclusivo, insignias, emojis...) te esperan https://www.youtube.com/user/QuantumFracture/join 

Gracias a OrbVPN por patrocinar este v√≠deo.

OrbVPN‚Ñ¢ es el conjuro de repulsi√≥n de maldiciones que estabas buscando. Visita su p√°gina web para m√°s informaci√≥n: https://quantumfracture.es/orbvpn/ 

En este link ten√©is TODA la bibliograf√≠a citada. NADIE podr√° decirte que no estamos documentados en el C√≠rculo Omega: 
https://drive.google.com/file/d/1vWUBkNRtrPuE92s0bX3GUBO0xXw2hOeI/view?usp=sharing 


REFERENCIAS

Texturas Mapa Celeste
Cr√©dito: NASA https://svs.gsfc.nasa.gov/3895

Pesas
Cr√©dito: Red CreaDeporte, flickr.com
https://www.flickr.com/photos/redcreadeporte/10146241733/

Posici√≥n de planetas - tablas
Cr√©dito: Nasa/Jet Propulsion Lab https://ssd.jpl.nasa.gov/horizons.cgi#top 

La peste en florencia - Decameron
Cr√©dito: Wellcome images.
https://commons.wikimedia.org/wiki/File:The_plague_of_Florence_in_1348,_as_described_in_Boccaccio%27s_Wellcome_L0004057.jpg

Gripe espa√±ola - Kansas
Cr√©dito: Armed Forces Institute of Pathology/National Museum of Health and Medicine, distributed via the Associated Press
https://commons.wikimedia.org/wiki/File:Camp_Funston,_at_Fort_Riley,_Kansas,_during_the_1918_Spanish_flu_pandemic.jpg

Las brujas de Zugarramurdi
Cr√©dito: Michael Herr (1650) - Germanisches Nationalmuseum Nuremberg https://commons.wikimedia.org/w/index.php?curid=3750107

Actores y cient√≠ficos, consultado en: Gauquelin, M.; Gauquelin, F. (1974). The Jupiter Temperament & Actors. Laboratoire d'√©tude des relations entre rythmes cosmiques et psychophysiologiques.

Electromagnetismo - Oersted
Cr√©dito: Illustrerad vetenskap 10/2011 https://commons.wikimedia.org/w/index.php?curid=38301870 

Epilepsia y cura
Cr√©dito: Wellcome Collection. https://wellcomecollection.org/works/x658suzx

Clase en Universidad de Salamanca. sXVII
Cr√©dito: Mart√≠n de Cervera - Public Domain, https://commons.wikimedia.org/w/index.php?curid=8317002

Universidad de Salamanca 
Cr√©dito: De ŸÑÿß ÿ±Ÿàÿ≥ÿß , https://commons.wikimedia.org/w/index.php?curid=58239830 


Las animaciones aqu√≠ mostradas no pretenden ser precisas, sino mostrar aspectos cualitativos. Tienen prop√≥sitos educativos.

-- EL MERCHANDISING DE QUANTUM FRACTURE --

L√°mina: EL √ÅRBOL DE QUANTUM FRACTURE
https://mastersoflol.com/product/el-arbol-de-quantum-fracture

L√°mina: LOS 9 TIPOS DE UNIVERSOS
https://mastersoflol.com/product/los-9-tipos-de-universos 

L√°mina: DESMONTANDO EL MODELO DE LA TIERRA PLANA 
https://mastersoflol.com/product/desmontando-el-modelo-de-la-tierra-plana

L√°mina: TRAP DEL TERRAPLANISMO
https://mastersoflol.com/product/trap-del-terraplanismo 

P√°gina de MASTERS OF LOL
https://mastersoflol.com/",195006,1,42673,False,472,4221,False
10,ui1Kod119hE,2020-12-17T23:00:10Z,"Nyno Vargas, L√©rica & Junco - Hola, mi amor (Videoclip Oficial)",UCC1wcYyx5vHHVuCFE1sYazA,"Videoclip oficial de la canci√≥n de Nyno Vargas ""Hola, mi amor"" en colaboraci√≥n con L√©rica y Junco.

Suscr√≠bete para enterarte de todas las novedades y lanzamientos.

S√≠gueme en las redes sociales:
En instagram: https://www.instagram.com/nynovargas/
En Twitter: @Nyno_SBR
En Facebook: https://www.facebook.com/NynoVargasOficial",32722,1,7480,False,129,753,False
11,ObZaGYzOAEE,2020-12-16T23:00:18Z,SFDK - Fase 2,UCvtasRlErM9YfpqT0ZSVLtw,"SFDK sacan todo su genio ir√≥nico para poner de manifiesto situaciones pand√©micas

http://vevo.ly/qAqUM2",116363,1,11285,False,583,593,False
12,_uFU0as_98c,2020-12-17T01:26:00Z,Rauw Alejandro ‚Äì No te Creo (Live Performance) | Artist on the Rise,UC_Av98lDjf5KvFib5elhpYg,Rauw Alejandro performs his latest single ‚ÄúNo Te Creo‚Äù live in Miami for YouTube Music‚Äôs Artist on the Rise.,872729,1,16996,False,554,822,False
13,eLvvcjo0Cgc,2020-12-18T03:42:35Z,"Jay Wheeler - La Curiosidad RMX ""Blue""  - Myke Towers, Jhay Cortez, Rauw Alejandro, Lunay, Kendo",UC7fi3WLjvsa5U4LYLn1B56Q,"Dj Nelson & Dynamic Records Presentan:
Video Oficial de La Curiosidad Remix ‚ÄúBlue Grand Prix‚Äù
#jaywheeler #LaCuriosidadRemix #LaCuriosidad

La Curiosidad Remix ‚ÄúBlue Grand Prix: https://music.empi.re/lacuriosidad_blue
La Curiosidad Remix ‚ÄúRed Grand Prix: https://music.empi.re/lacuriosidad_red

S√≠gueme / Follow Me:
‚óã YouTube Channel: http://www.youtube.com/c/JayWheeler
‚óã Facebook: http://www.facebook.com/LaVozFavorita/
‚óã Twitter: https://twitter.com/JayWheelerpr
‚óã Instagram: https://instagram.com/JayWheelerpr/

(C) 2020. Dynamic Records Inc. & Flow Music",374823,1,91054,False,487,7277,False
14,7mheL5TQjTk,2020-12-15T23:03:04Z,Myke Towers - MI EX - (Audio Oficial),UCLk8IJ1TwI7Xl7UUfAD8xPQ,"Myke Towers - MI EX - (Audio Oficial)

#MykeTowers  #MichaelX #NuevoSencillo

Escucha o descarga: 
https://orcd.co/paramiex

Siguenme en mis redes: 
https://www.instagram.com/myketowers/
https://www.facebook.com/myketowersofficial/",1382318,1,93660,False,954,2649,False
15,wazqqHow7LA,2020-12-17T01:26:01Z,Rauw Alejandro ‚Äì Strawberry Kiwi (Live Performance) | Artist on the Rise,UC_Av98lDjf5KvFib5elhpYg,Rauw Alejandro performs his latest single ‚ÄúStrawberry Kiwi‚Äù live in Miami for YouTube Music‚Äôs Artist on the Rise.,451752,1,5686,False,152,222,False
16,vBGEXAPHLTU,2020-12-16T21:45:26Z,RESUMEN | FC Terrassa 2-4 Valencia CF | 1¬™ eliminatoria Copa de SM el Rey,UCQBxzdEPXjy05MtpfbdtMxQ,"-SUSCR√çBETE al canal de la RFEF ‚öΩ
http://bit.ly/RealFederacionEspa√±olaFutbol

VISITA nuestra p√°gina web oficial üîª
https://www.rfef.es/

S√çGUENOS en nuestras redes socialesüì≤
- FACEBOOK: https://www.facebook.com/RFEF/
- TWITTER: https://twitter.com/rfef
- INSTAGRAM: https://www.instagram.com/somosrfef/",53859,1,762,False,29,0,True
17,omyC2Ko9I9A,2020-12-17T00:28:22Z,ROAST YOURSELF CHALLENGE üî• F√âNIX TEAM ü¶Ö,UCFgd91W1uwcai7mf7P8_zKg,"ROAST YOURSELF CHALLENGE üî• F√âNIX TEAM ü¶Ö

Redes sociales: 
f√©nix team: @fenixteam_oficial @F√©nix Team 
Kim L: @Kimberly.loaiza  @Kimberly Loaiza   
JD: @juandediospantoja 
Queen Buenrostro: @Queen Buenrostro 
Alex Flores: @alejandrofls@Alejandro Flores 
Kim Shantal: @Kimberly Shantal 
Kevin Achutegui: @kevinachuteguifotos@Kevin Achutegui 
Danny Alfaro: @soydannyalfaro @Danny Alfaro",6818749,1,988607,False,23657,81393,False
18,5CG-7sbrs9U,2020-12-17T22:00:10Z,WOS - CONVOY JARANA (Video Oficial),UCzY1-NKVNDA4UpE4MmTq0eg,"WOS - CONVOY JARANA

Escuch√° CONVOY JARANA en todas las plataformas:
Spotify: https://open.spotify.com/album/0QhDcUVtv75nzlLHiNZ3bZ
Apple Music: https://itunes.apple.com/album/id1543156225
Deezer: https://www.deezer.com/album/192859902

TRACK:
Producci√≥n musical - EVLAY.
Mezcla - Nico Cotton.
Mastering - Javier Fracchia.

LETRA:
Los colores como en un pelotero
abr√≠ los ojos y tir√© del gotero
mi cabeza como en un lavadero (bueno)
ahora canto por si muero

Los colores como en un lavadero
abr√≠ los ojos y tir√© del gotero
mi cabeza como en un pelotero (bueno)
ahora canto por si muero

'Tamo' en la esquina viajando a China
con la cara en ruina, la lengua que me patina
ey, tengo que salir de esta avenida
ey, no quiero m√°s resaca con bocinas

¬øQu√© vamo' a hacer?, ¬øc√≥mo es?, lo movemos
hablamos todo raro pero igual nos entendemos
nunca sabemos bien qu√© es lo que queremos
pero vamos a buscarlo, negro, no retrocedemos

(Woo) creo que tuve un d√©j√† vu
o siempre dicen lo mismo los tontos de tu crew
siento que en la espalda me clavaron la cruz
o que Dios est√° pinchando mi mu√±eco vud√∫

Quieren ver a d√≥nde voy
me buscan como a un cowboy
me persigue tu convoy
me preguntan d√≥nde estoy‚Ä¶ reventamo' el juego

Los colores como en un pelotero
abr√≠ los ojos y tir√© del gotero
mi cabeza como en un lavadero (bueno)
ahora canto por si muero

Los colores como en un lavadero
abr√≠ los ojos y tir√© del gotero
mi cabeza como en un pelotero (bueno)
ahora canto por si muero

To'a la ganga est√° entonada, de jarana
a veces merecemo' hacer lo que tenemos ganas
criaturas animadas, alquitranadas
sean todas bienvenidas a esta caravana

Mir√° c√≥mo canta el popurr√≠
'tamos con la lengua en frenes√≠
nunca te entend√≠, dicen ~#!@!&?
¬øque me dicen qu√©?, que me dicen !@~#&?!

No puedo parar de mirar desfilar a los mostros
y sentir que nosotros proyectamos esa ira
id√©nticos y en fila, qu√© grises nuestros rostros
vendiendo a bajo costo lo que nos queda de vida

Quieren ver a d√≥nde voy
me buscan como a un cowboy
me persigue tu convoy
me preguntan d√≥nde estoy‚Ä¶ reventamo' el juego

Los colores como en un pelotero
abr√≠ los ojos y tir√© del gotero
mi cabeza como en un lavadero (bueno)
ahora canto por si muero

Los colores como en un lavadero
abr√≠ los ojos y tir√© del gotero
mi cabeza como en un pelotero (bueno)
ahora canto por si muero",534956,1,122217,False,1917,8388,False
19,oh95Do4zfe8,2020-12-16T23:00:54Z,"Alba Reche, Cami - que bailen",UCo3YWiePpTLrbOxWa715nwg,"que bailen, ya disponible para descarga y streaming:

#AlbaReche #Cami #quebailen


Music video by Alba Reche, Cami performing que bailen. ¬© 2020 Universal Music Spain, S.L.U.

http://vevo.ly/ZCS0UI",159684,1,22137,False,225,1930,False
20,oOv-Epa-H48,2020-12-17T23:00:12Z,Flavio - Dejarse llevar (Videoclip Oficial),UC_oP9EI_H0Fz5mborGXBAiQ,"Videoclip oficial de la canci√≥n de Flavio ""Dejarse llevar"".

üîî ¬°No olvides suscribirte para enterarte de todas las novedades y lanzamientos!

RRSS
https://www.instagram.com/flavio.oficial/
https://www.facebook.com/soy.flaviomusic 
https://twitter.com/flaviofdzz",26875,1,7318,False,126,883,False
21,JawUM6nxfGg,2020-12-18T03:42:28Z,"Jay Wheeler La Curiosidad RMX""Red""- Myke Towers, Becky G, Arcangel, De La Ghetto, Zion&Lennox, Brray",UC7fi3WLjvsa5U4LYLn1B56Q,"Dj Nelson & Dynamic Records Presentan:
Video Oficial de La Curiosidad Remix ‚ÄúRed Grand Prix‚Äù
#jaywheeler #LaCuriosidadRemix #LaCuriosidad

La Curiosidad Remix ‚ÄúRed Grand Prix: https://music.empi.re/lacuriosidad_red
La Curiosidad Remix ‚ÄúBlue Grand Prix: https://music.empi.re/lacuriosidad_blue

S√≠gueme / Follow Me
‚óã YouTube Channel: http://www.youtube.com/c/JayWheeler
‚óã Facebook: http://www.facebook.com/LaVozFavorita/
‚óã Twitter: https://twitter.com/JayWheelerpr
‚óã Instagram: https://instagram.com/JayWheelerpr/

(C) 2020. Dynamic Records Inc & Flow Music.",286774,1,58111,False,599,4763,False
22,zruUGHRI7lU,2020-12-17T01:26:02Z,Rauw Alejandro - De Cora üíô  (Live Performance) - Artist on the Rise,UC_Av98lDjf5KvFib5elhpYg,Rauw Alejandro performs his latest single ‚ÄúDe Cora üíô‚Äù live in Miami for YouTube Music‚Äôs Artist on the Rise.,431790,1,9980,False,160,329,False
23,mPFoPEqBZZo,2020-12-17T17:28:37Z,24 horas PESANDO 120 KG *obesidad m√≥rbida*,UCqe6_gCDnh3LLsxVHAlL2VA,"Esta vez os traemos un v√≠deo que grabamos hace 5 meses, en pleno verano. La peor estaci√≥n para el reto m√°s duro al que me he enfrentado. Cargu√© con 50kg de plomo y arena para vivir un d√≠a como si tuviera obesidad.

Si quer√©is m√°s v√≠deos como este pod√©is apoyar con un like y una suscripci√≥n. Ser√≠a algo altamente bonito.

üëÄ Me pod√©is seguir en Instagram para no perderos nada.
 @marcvilas:  https://www.instagram.com/marcvilas/

üåû Canal de Portillo: https://www.youtube.com/portillo",138216,1,23403,False,294,963,False
24,EBmDkPj3LXg,2020-12-16T19:28:09Z,Iglesias se levanta y abandona el Pleno cuando Laya responde sobre la pol√≠tica de Venezuela,UCUS73_bjTYwBFAfXbvIjM8Q,"Iglesias se levanta y abandona el Pleno cuando Gonz√°lez Laya asegura que la pol√≠tica sobre Venezuela la deciden S√°nchez y ella.

Suscr√≠bete a nuestro canal: https://www.youtube.com/channel/UCUS73_bjTYwBFAfXbvIjM8Q?sub_confirmation=1
M√°s informaci√≥n en https://www.libertaddigital.com/, https://tv.libertaddigital.com/ y http://www.esradio.fm/",62306,1,1828,False,132,284,False
25,gqkQzNaP920,2020-12-17T23:00:09Z,"FMK, Maria Becerra, Beret - AYNEA REMIX (Official Video)",UCVp7te1efNavrChSn2VOlMw,"Escuchalo AC√Å ‚ñ∂ https://lnk.to/AYNEAREMIX
Top Hits: https://lnk.to/FMKTopVideos

M√°s FMK:
üé• ""Esta Noche"": https://youtu.be/cjEHVa5yISQ
üé• ""Qu√© Te Est√° Pasando"": https://youtu.be/o0TTg1lJNrU
üé• ""HIELO"": https://youtu.be/QPrdl-BGF8c
üé• ""Aunque ya no est√©s aqu√≠"": https://youtu.be/vhZNwiE-hYo
üé• ""Calle 2 Remix"": https://youtu.be/EyYNQhkOEnk

SUSCRIBITE AC√Å ‚ñ∂ http://smarturl.it/FMKYT 

Plataformas Digitales:
Spotify: http://smarturl.it/FMKSpotify  
YouTube Music: http://smarturl.it/FMKYM 
Apple Music: http://smarturl.it/FMKAppleM
Deezer:  http://smarturl.it/FMKDeezer

Segu√≠ a FMK en Redes Sociales:
Instagram: https://www.instagram.com/fmk.oficial
Twitter: https://twitter.com/fmk026

#FMK
#MARIABECERRA
#BERET
#AYNEAREMIX",232696,1,52824,False,314,3079,False
26,OT97pI1nM5Y,2020-12-17T16:47:14Z,Myke Towers - Bandido (Letra) ft. Juhn,UClikGF-RFkh12Omsoqwk9qg,"Myke Towers - Bandido Letra / Lyrics by Latin Union!
Download / Stream ""Myke Towers, Juhn - Bandido"": https://open.spotify.com/track/1xK1Gg9SxG8fy2Ya373oqb

üåé Suscr√≠bete para m√°s videos con las letras de tus artistas favoritos!
üåé Subscribe for more lyric videos from your favorite artists!

üåü Siguenos en Instagram: 
- https://www.instagram.com/latin.union/

üíé Sigue / Follow Myke Towers:
- https://www.instagram.com/myketowers/
- https://www.facebook.com/myketowersofficial/

üéµ Myke Towers - Bandido Letra:
[Intro: Myke Towers]
Ella e' buena, pero le gustan lo' malo' (Malo')
Si te soy sincero, yo por ella jalo (Ella jalo)
Me tir√≥ dici√©ndome que la dejaron (La dejaron)
Es otra m√°s que con su coraz√≥n jugaron, ey

[Coro: Juhn]
¬øEse bandido qu√© le hizo? D√≠game por qu√© llora (Llora)
Confi√©seme pa' darle piso y enterrarlo ahora (Ahora)
Que yo la puedo defender a usted si me colabora (-bora)
Le voy a dejar saber a ese man que ya no est√°' sola (Wuh)
¬øEse bandido qu√© le hizo? D√≠game por qu√© llora (D√≠game por qu√© llora)
Confi√©seme pa' darle piso y enterrarlo ahora (Ahora)
Que yo la puedo defender a usted si me colabora (Sirili, woh-oh-oh-oh-oh)
Le voy a dejar saber a ese man que ya no est√° sola (Wuh)

[Verso 1: Myke Towers]
Mi amor, av√≠same si acaso te incomoda
Pa' reventarlo y que sepa que no est√°s sola
Yo te hablo claro, yo no brego con pistola'
Pero tengo el respeto de lo' que controlan
T√∫ ere' hermosa, mami, dime por qu√© llora'
Te har√≠a mi se√±ora
Ella le da lo mismo en un crucero que una yola
Condone' de colore', la parto a lo Crayola
Mujere' como t√∫ uno las desea y las a√±ora (A√±ora)
Dile que t√∫ tiene' vaqueo
Si pone' el booty en reversa
Yo le prendo la c√°mara como cuando parqueo
Le gusta el maleanteo
Dice que la est√°n buscando porque mata la liga, yo se lo creo
[Coro: Myke Towers & Juhn]
¬øEse bandido qu√© le hizo? D√≠game por qu√© llora (Baby, ¬øpor qu√© llora?, ey)
Confi√©seme pa' darle piso y enterrarlo ahora (Pa' meterle ahora, jaja)
Que yo la puedo defender a usted si me colabora (Si me colabora)
Le voy a dejar saber a ese man que ya no est√° sola (Me dicen Juhn ""El All Star"", baby)

[Verso 2: Juhn]
¬øY ese bandido qu√© fue lo que hizo? (Oh-oh)
Confiesa pa' de una darle piso (Piso)
Ya no te quiero ver llorando, ese no vuelve hacerte da√±o
Bebecita, te lo garantizo (¬°Wuh!)
Es que lo de ella y lo m√≠o e' un romance en secreto
Calla'o, bien en discreto, la beso y la aprieto (Oh)
Me la llevo por el mundo y gasto el ticket completo
(Por ella reviento a cualquier sujeto)
A ella le gusta lo malo, lo bueno, lo caro
Titerona, no se asusta si escucha un disparo
El cuerpo e' hermoso, los ojos son claro'
Era mi reina, ahora e' mi diosa, a ella ni la comparo

[Puente: Juhn & Myke Towers]
Qu√© pereza
Verla triste con tanta belleza
Quien da√±√≥ un coraz√≥n con mucha pureza
No sabe tratar con delicadeza (-deza)
Princesa, a √©l no le interesa
Si yo soy el que te toca y te besa
Cuando la vi yo dije: ""Quiero con esa""
Desde esa vez no sales de mi cabeza
[Coro: Juhn & Myke Towers]
¬øEse bandido qu√© le hizo? D√≠game por qu√© llora (Baby, ¬øpor qu√© llora?, ey)
Confi√©seme pa' darle piso y enterrarlo ahora (Pa' meterle ahora, jaja)
Que yo la puedo defender a usted si me colabora (Si me colabora; sirili-woh-oh-oh-oh-oh)
Le voy a dejar saber a ese man que ya no est√° sola (Sola)

[Outro: Juhn & Myke Towers]
¬øEse bandido qu√© le hizo? (Ay)
¬øQu√© le hizo?
Me dicen Juhn ""El All Star, baby""
Este e' Juhn
Myke Towers, baby (Eh-eh-eh)
El All Star
Juhn ""El All Star
Myke Towers
Santana The Golden Boy
Esto e' una combinaci√≥n √∫nica en su clase, baby, jaja (Oh)
(¬øEse bandido qu√© le hizo?)
Las estrellas siempre andan juntas
(¬øQu√© le hizo?)
La Casa Blanca en sociedad con los de Oro
One World (One World)

‚õî Business (Negocios):
Send me an email at: contact@latinunion.net
De mandarme un correo: contact@latinunion.net",50222,1,1483,False,21,24,False
27,8h9Etq5qV-Q,2020-12-16T17:00:07Z,Dani Martin - C√≥mo Me Gustar√≠a Contarte (Piano y Voz),UCXCzbI1a1VbFgGbi6NXvCrw,"Music video by Dani Martin performing C√≥mo Me Gustar√≠a Contarte (Piano y Voz). (C) 2020 Sony Music Entertainment Espa√±a, S.L.

http://vevo.ly/Yyc6W7",100910,1,6822,False,34,407,False
28,uaUxzK0g0Bw,2020-12-16T23:00:30Z,Resumen de FC Barcelona vs Real Sociedad (2-1),UCTv-XvfzLX3i4IGWAm4sbmA,"El FC Barcelona remonta el tanto de Willian Jos√© para lograr tres puntos importantes gracias a los goles de Jordi Alba y Frenkie de Jong #Bar√ßaRealSociedad J19 LaLiga Santander 2020/2021
 
Suscr√≠bete al canal oficial de LaLiga Santander en HD http://goo.gl/Cp0tC
Subscribe to the Official Channel of LaLiga in High Definition http://goo.gl/Cp0tC

LaLiga Santander on YouTube: http://goo.gl/Cp0tC
LaCopa on YouTube: http://bit.ly/1P4ZriP
LaLiga SmartBank on YouTube: http://bit.ly/1OvSXbi
Facebook: https://www.facebook.com/laliga
Twitter: https://twitter.com/LaLiga
Instagram: https://instagram.com/laliga
Google+: http://goo.gl/46Py9",1307644,1,16250,False,575,891,False
29,cSoq-Q6Rb48,2020-12-16T17:36:14Z,La gesti√≥n de Pablo Iglesias es una mentira,UCPECDsPyGRW5b5E4ibCGhww,,34818,1,1649,False,116,0,False
30,4zwXQCCKf-4,2020-12-17T23:00:03Z,Aitana - + (M√ÅS) (Ac√∫stico),UCI505QHIvSgj8lbHY7ygE1A,"Music video by Aitana performing + (M√ÅS) (Ac√∫stico). ¬© 2020 Universal Music Spain, S.L.U.

http://vevo.ly/jWPmqg",113120,1,19510,False,194,974,False
31,rUYw37uVSFA,2020-12-17T19:00:10Z,#ESTO11 con MIRIAM RODR√çGUEZ y SAMANTHA | OPERACI√ìN TRIUNFO,UCc1sAhdaLjfJi11X1awO-yg,"üìÄ Escucha las canciones de Operaci√≥n Triunfo aqu√≠ üëâüèª https://orcd.co/ot2020playlist

Tienes toda la informaci√≥n sobre OT 2020 en nuestro Canal de Youtube, ¬°no olvides suscribirte! üëâüèª bit.ly/CanalOT üìÄ 

Tambi√©n en RTVE.ES http://www.rtve.es/television/ot/ y el resto de nuestras redes sociales podr√©is estar informados de todas las novedades: 

‚ñ∂Facebook: https://www.facebook.com/operaciontriunfo 
‚ñ∂Twitter: https://twitter.com/OT_Oficial 
‚ñ∂Instagram: https://goo.gl/i2JocE",25618,1,1526,False,25,125,False
32,wV8YfWYrzN8,2020-12-16T00:00:09Z,LA RESISTENCIA - Entrevista a Alejandro Sanz | Parte 2 | #LaResistencia 15.12.2020,UCvosUrZ7hXpzAyobhfztg4w,"La Resistencia 4x52 | El cantante Alejandro Sanz presenta el documental ‚ÄòEl mundo fuera‚Äô.

Suscr√≠bete a /cerotube para tener lo mejor de #0, HAZ CLICK AQU√ç: 
http://www.youtube.com/channel/UCPgvCUSmHWm2177LkwLtZQw?sub_confirmation=1

Descarga la aplicaci√≥n de Movistar+:

iOS: https://apps.apple.com/es/app/movistar/id540674767

Android: https://play.google.com/store/apps/details?id=es.plus.yomvi&hl=es

O sigue viendo el contenido en tu navegador: http://ver.movistarplus.es/?nv=2

Y DESCUBRE M√ÅS EN: http://www.movistarplus.es/cero",642703,1,13744,False,341,616,False
33,Yt3iBv0UqYs,2020-12-17T16:19:57Z,¬øSE ACAB√ì CRAZY CREW?,UC8dr1n1aUiqpmy0LBKkvwLw,"¬øSE ACAB√ì CRAZY CREW? 
üî•TIENDA CRAZY CREW: https://crazycrewesports.com/tienda-crazy-crew/
üëâSuscribete aqui: https://goo.gl/RK3YCo

‚ù§Ô∏èREDES SOCIALES

üê§POLLOüê§

üê§ https://twitter.com/DoctorePoLLo
üì∑ http://instagram.com/doctorepollo
üòú https://www.facebook.com/DoctorePoLLoYT

ü§™JORDIü§™

ü§™https://twitter.com/WuaJordi
üì∑https://www.instagram.com/wuajordi/?hl=es

‚òÑÔ∏èCRAZY CREW ESPORTS: 

‚ñ∂Ô∏èCanal: https://goo.gl/icDtv9
üê§Twitter: https://twitter.com/CrazyCrewEsport
üì∑Instagram: https://www.instagram.com/crazycrewesports

#retofutbol #futbol #retosdefutbol",102806,1,20700,False,202,1138,False
34,EaBI2O4rSUA,2020-12-16T06:45:12Z,¬øHay alg√∫n panettone decente de supermercado? | EL COMIDISTA,UCoIJrrwXy_mlr1WkC4vaTnA,"El entusiasmo con el que los espa√±oles han abrazado el panettone
 es dif√≠cil de entender -¬øalguien se imagina a los italianos volvi√©ndose
 locos de repente por el rosc√≥n o los polvorones?-, pero nos guste o no,
 el invento milan√©s ya forma parte nuestro paisaje gastron√≥mico 
navide√±o. 

Los
 mejores ejemplares de panettone se suelen encontrar en las panader√≠as y
 pasteler√≠as artesanas, pero a veces uno peca con versiones industriales
 de supermercado. ¬øAlguna se salva? Para averiguarlo, pedimos a Tonatiuh
 Cort√©s, panadero de Cloudstreet Bakery y ganador del premio al mejor panettone artesano en 2019, que catara a ciegas unos cuantos. Su veredicto lo tienes en el v√≠deo de arriba. https://bit.ly/catapanettone
Suscr√≠bete a nuestro canal: http://cort.as/-9ysp 
Visita: https://elcomidista.elpais.com 
S√≠guenos en Facebook: https://www.facebook.com/elcomidista 
S√≠guenos en Twitter: https://twitter.com/ElComidista 
S√≠guenos en Instagram: https://www.instagram.com/elcomidista 
¬°Bienvenido al canal oficial de EL COMIDISTA en EL PA√çS! Cada semana publicamos nuevos v√≠deos de gastronom√≠a, recetas, restaurantes, productos, chaladuras culinarias y mucho m√°s. ¬°Suscr√≠bete ya a nuestro canal!: http://cort.as/-9ysp 
El Comidista es una web muy maja que incluye recetas, info sobre trastos de cocina, restaurantes, productos y cualquier tonter√≠a que se les ocurra a sus autores.",122576,1,4553,False,128,534,False
35,DlSzcIgIaJs,2020-12-17T23:46:09Z,‚Äú NINFO ‚Äú - KEVVO x OMY DE ORO ü§¥üèªü§¥üèªü•ä #LRDP,UCCmxQKlIbX8MtswT_tSqiOA,"Ninfo disponible en todas las plataformas
KEVVO, Omy De Oro - ‚ÄúNinfo‚Äù https://losreyesdelpunch.lnk.to/ninfoID

Produced by Yannc Full Harmony
Video directed by Jack Nine Films
Video Edit by Pepe Quintana in collaboration with Ferian MTT
Label: Young Boss Ent, Una Vision Quintana, Share That Music


Kevvo instagram: https://www.instagram.com/kevvoofficial/
Omy De Oro instagram: https://www.instagram.com/omydeoro/

All-encompassing: https://losreyesdelpunch.lnk.to/ninfo
Retail-Specific: 
Spotify: https://losreyesdelpunch.lnk.to/ninfo/spotify
Apple Music: https://losreyesdelpunch.lnk.to/ninfo/applemusic
Deezer: https://losreyesdelpunch.lnk.to/ninfo/deezer
YouTube Music: https://losreyesdelpunch.lnk.to/ninfo/youtubemusic
Amazon Music: https://losreyesdelpunch.lnk.to/ninfo/amazonmusic
Amazon (Download): https://losreyesdelpunch.lnk.to/ninfo/amazonmp3
iTunes: https://losreyesdelpunch.lnk.to/ninfo/itunes
Google Play: https://losreyesdelpunch.lnk.to/ninfo/google-play

Letra:

Ninfo Maniaca
Siempre esta bellaca
Le gusta hacer orgias, los titere‚Äô y las paca‚Äô
Ninfo Maniaca
Siempre esta bellaca
Te voy soltar el ticket si mueve el culo en taca (x2)
Se pone bien puta cuando se lo meto
Le cambia la cara cuando entra completo
Dice que esta sola y le llego r√°pido Toretto , r√°pido Toretto
Ella solo me usa no le importa si la respeto
No me voy acapella siempre tengo puesto el chaleco
Pa‚Äô meterle me empepo
No hay otro como yo, el mu√±eco es el mu√±eco
Nadie va saber tu sabe‚Äô soy discreto
Es fina pero le gustan los traquetos
El flow de esta gente esta bien obsoleto
Roncan y tienen los bolsillos seco‚Äô
En to‚Äô lao‚Äô se nos pegan tenemo‚Äô el magneto
Ella es una Ninfo, se pasa to‚Äô el dia bellaca
Parece que en porno no es una novata
Sierva tu conmigo estas a fogata
Eres la favorita de toas mis gatas
Se besa con la amiga pero no son patas
Volvemos a chingar despu√©s de que se arrebata
Ninfo Maniaca
Siempre esta bellaca
Le gusta hacer orgias, los titere‚Äô y las paca‚Äô
Ninfo Maniaca
Siempre esta bellaca
Te voy soltar el ticket si mueve el culo en taca
Ninfomaniaca le gusta grabarse flow Mia Khalifa
Ese toto tiene un Only Fans
Pero pa meterle no pago tarifa
Ahora vivo como Wiz Khalifa
La shorty bajo de Kissimmee
She wanna‚Äô see me
Ella es mi hoe
La subo a la suite con el hoodie y en beanie
Traite‚Äô una amiga vamos a hacer un remix
Le chupo los piercings que tiene en los nipples
La parto en el canaam y en la people
Quiere grabarse y subirlo a Redtube
Con la GoPro la pongo a dar record
Tiene gato pero es una toxi
Bellaquiamos y le da sobredosis
Volau con las oxy
Se lo empujo y le disloco el coxi
A las bichas les doy como prosti
Ninfo Maniaca
Siempre esta bellaca
Le gusta hacer orgias, los titere‚Äô y las paca‚Äô
Ninfo Maniaca
Siempre esta bellaca
Te voy soltar el ticket si mueve el culo en taca (x2)",94715,1,14764,False,202,1192,False
36,x06S8vetC4k,2020-12-17T15:00:18Z,"Daviles de Novelda, Los Yakis - La Negra (Audio)",UC9gwX7JZ88SjeosuCbcbO8A,"Music video by Daviles de Novelda, Los Yakis performing La Negra (Audio). (C) 2020 Sony Music Entertainment Espa√±a, S.L.

http://vevo.ly/MfA6x8",30790,1,2824,False,70,116,False
37,TG86Tyn4fFg,2020-12-16T19:00:07Z,Taburete - Venado Tuerto,UCvb8JMUUvDu55mxVx_U-3Dg,"Son los atajos a un viaje amn√©sico a trav√©s de los amaneceres en los que nos tuvieron que recordar qui√©nes √©ramos. Estos son los paseos laber√≠nticos de la noche, la mirada siendo caleidoscopio del que olvid√≥ ya los l√≠mites, el derroche inconsciente de la joda que nunca acaba.

Escucha ""Venado Tuerto"" en todas las plataformas: https://orcd.co/taburete_venadotuerto

Suscr√≠bete a nuestro canal y no te pierdas lo √∫ltimo de Taburete: http://radi.al/taburetesubsyt

Con√≥cenos m√°s en:
Facebook: https://www.facebook.com/taburetegroup/
Twitter: https://twitter.com/taburete89
Instagram: https://www.instagram.com/taburetegram/
Web: http://taburete.club/

Letra:

Amanecimos doblados, nos quitaron el dinero
Y ahora pensamos
CoÃÅmo haremos todo esto

Se acabaron los boletos
Ya no hay vuelos a Argentina
SoÃÅlo nos queda
El expreso de Venado Tuerto

Experimentamos maniÃÅas
Descubrimos el infierno
Resucitamos fantasmas
SoÃÅlo aquiÃÅ en Venado Tuerto
Divisamos nuestro destino
Si me lanzan a los perros
SoÃÅlo quedan prisas y broncas por aquiÃÅ en Venado Tuerto

Llevan seis diÃÅas viajando, apilando el sufrimiento
Hay unos pasos que se acercan, son del viento
BaÃÅjense ya de mi auto
Y que exploten si me muero
Volando bajo para ver si me detecto

Experimentamos maniÃÅas
Descubrimos el infierno
Resucitamos fantasmas
SoÃÅlo aquiÃÅ en Venado Tuerto 
Divisamos nuestro destino
Si me lanzan a los perros
SoÃÅlo quedan prisas y broncas por aquiÃÅ en Venado Tuerto

Tiembla, la maÃÅs romaÃÅntica cuerda. Tiembla, el inconsciente conecta. (√ó3)

Letra y m√∫sica: Guillermo B√°rcenas

#Taburete #LaBromaInfinita",53597,1,3076,False,78,248,False
38,ll1Cn33EpFI,2020-12-14T22:00:07Z,"El D√≠a Despu√©s (14/12/2020): Mateu, el √°rbitro disfrut√≥n",UCTizbQ7IDPngI50uyI3pcbA,"Con el partido, con los jugadores, con las acciones... Mateu Lahoz es el √°rbitro que m√°s disfruta. Incluso para Casemiro, el mejor.

Todos los programas completos de EDD en http://ver.movistarplus.es/ficha/el-dia-despues/?id=843532&nv=2&path=T-1323591%7CE-1323592

Mucho m√°s de El D√≠a Despu√©s en http://www.movistarplus.es/vamos/eldiadespues/videos/

No olvides suscribirte, todos los v√≠deos cada lunes en el canal oficial de El D√≠a Despu√©s en YouTube: http://www.youtube.com/user/eldiadespuesplus?sub_confirmation=1",295226,1,7288,False,116,210,False
39,h7Wwn37wvqw,2020-12-16T18:23:22Z,ARREGLO ESTA HORRIBLE MOTO ABANDONADA Y LA VENDO üí∞ **AS√ç HA QUEDADO AL FINAL**,UCIEqSiEibJrYB2H1FEV-tlA,"Hoy os traigo ARREGLO ESTA HORRIBLE MOTO ABANDONADA Y LA VENDO üí∞ Aviso: no soy un crack como vicesat üòÇ // SUSCR√çBETE: http://www.youtube.com/user/ileovlogs?sub_confirmation=1

Como sabr√©is, hace un tiempo sub√≠ un v√≠deo llamado ""COMPRO LA MOTO DE UN REPARTIDOR DE KEBABS ¬°¬°¬°MUY BARATA!!!con la intenci√≥n de mejorarla y venderla m√°s cara. De hecho, empec√© una serie llamada ¬øPODR√â VENDERLO M√ÅS CARO? Sin embargo, esta moto qued√≥ abandonada en mi garaje porque cancel√© la serie. De hecho, s√≥lo la saqu√© una vez y fue... para destrozarla grafite√°ndola.
Me he decidido a arreglarla de una vez (con POCO DINERO) y venderla. Sea a un precio m√°s caro o m√°s barato, me da igual. Quiero deshacerme de esa moto y hoy, al fin, despu√©s de mucho tiempo, lo he conseguido.

¬øHabr√© ganado dinero al final?

¬øPODR√â VENDERLO M√ÅS CARO? (SERIE):
- Primer cap√≠tulo: https://www.youtube.com/watch?v=V8AUyZFXUE4
- Segundo cap√≠tulo: https://youtu.be/39atxebJBQg
- Tercer cap√≠tulo: https://www.youtube.com/watch?v=XxAYpPI244A
- Cuarto cap√≠tulo: https://www.youtube.com/watch?v=bpHSoXEcyVc
- Quinto y √öLTIMO CAP√çTULO: (Es este)

-- S√çGUEME en mis REDES SOCIALES --

‚Ä¢ Instagram: https://www.instagram.com/iLeoVlogs
‚Ä¢ Twitter: http://www.twitter.com/iLeoVlogs
‚Ä¢ Facebook: https://www.facebook.com/iLeoVlogs

V√≠deo de Mixta: https://www.youtube.com/watch?v=r-fHGHqYFjo

MI LIBRO: https://www.amazon.es/gp/product/8427044429/ref=as_li_tl?ie=UTF8&camp=3638&creative=24630&creativeASIN=8427044429&linkCode=as2&tag=ileovlogs06-21&linkId=e6bd53cdbb1448bee89a23113ba13b07

MIS COMPA√ëEROS DE MANSI√ìN:
Jajalex: https://www.youtube.com/channel/UCFR3F83FDQTDmNYMzwHhuDA
Flexcidine: https://www.youtube.com/channel/UCp9DjLRLJaghHg9tZiQL66Q 
Juanjo Dalmau: https://www.youtube.com/channel/UCuk4lplU8fQIG7CUdJqeZ8g
Paul Ferrer: https://www.youtube.com/mrpaulferrer

#arreglo #moto #barata #vendo #compro #ileovlogs #podrevenderlomascaro",54592,1,8009,False,259,310,False
40,FfNt-v3asMA,2020-12-17T17:16:21Z,Nueva Bici 2021 | BH LYNX RACE EVO | Valent√≠ Sanjuan,UCG5IfQYv9S9HIsrICDcZaZQ,"Nueva BH Lynx Race Evo 2021, la bici doble con la que correr√© la Cape epic y La Swiss Epic. 
üëâ Personaliza tu bici: http://www.bhbikes.com/es_ES/bh-unique-mtb
üëâ Equipaciones: https://actituordie.com/tienda/
üëâ Seguro para tu bici: https://bit.ly/2ISI6zd",48696,1,4112,False,44,293,False
41,_5z_4WMpNAk,2020-12-17T18:55:29Z,ÿßŸÑÿ™Ÿäÿ¨ŸäŸÜŸä Ÿäÿ®ÿ±ÿ≤ ÿπÿ®ŸÇÿ±Ÿäÿ© ŸÖÿ≠ŸÖÿØ ÿßŸÑÿ≥ÿßÿØÿ≥ ŸÅŸä ÿµŸàŸÜ ÿßŸÑŸàÿ≠ÿØÿ© ÿßŸÑÿ™ÿ±ÿßÿ®Ÿäÿ© ŸàÿßŸÑÿØŸÅÿßÿπ ÿπŸÜ ÿßŸÑŸÇÿ∂Ÿäÿ© ÿßŸÑŸÅŸÑÿ≥ÿ∑ŸäŸÜŸäÿ©,UC4wl5Kd_b4ff6s6SijJJoOg,,100753,1,5926,False,414,1371,False
42,TpfnHVUCSxk,2020-12-12T23:38:07Z,Final Internacional 2020 | Red Bull Batalla de los Gallos,UCRRtRg9N0R0WHZcyPZGiLKg,"La competencia de rap improvisado m√°s importante de habla hispana se define en Rep√∫blica Dominicana. Mira el sorteo de la Final Internacional de #RedBullBatalla 2020 en exclusiva por https://www.redbull.com/batalla

--
¬ª Esc√∫chanos en Spotify https://win.gs/BatallaSpotify
¬ª Entra en la gallera: http://win.gs/LaGallera
¬ª Batalla en Facebook: https://www.facebook.com/RedBullBatalla
¬ª Batalla en Twitter: https://twitter.com/redbullbatalla
¬ª Batalla en Instagram: https://instagram.com/redbullbatalla",8280771,1,354966,False,6015,8319,False
43,h5eBmlJ6Stc,2020-12-16T18:15:04Z,Myke Towers x Juhn - Bandido (Letra/Lyrics),UCxaRKrg-61IZ24sFZRQ3b_w,"Myke Towers x Juhn - Bandido (Letra/Lyrics)
üíô Follow us on Instagram! https://fanlink.to/royalvibesIG
üéß Royal Vibes on Spotify: https://fanlink.to/royalvibes

Stream Bandido: https://orcd.co/paramiex

Email for business enquiries: george@nite.yt
Music submissions: https://royalvibes.edmdistrict.com/

‚û§ Myke Towers
https://www.instagram.com/myketowers/
https://www.facebook.com/myketowersofficial/

‚û§ Juhn
https://smarturl.it/Juhn_fb
https://smarturl.it/Juhn_ig

üëë Royal Vibes
http://www.instagram.com/itsroyalvibes
http://soundcloud.com/itsroyalvibes
http://smarturl.it/BN-Discord

üì∑ Background:
https://unsplash.com/

üé§ Myke Towers x Juhn - Bandido Letra/Lyrics:

[Intro: Myke Towers]
Ella e' buena, pero le gustan lo' malo' (Malo')
Si te soy sincero, yo por ella jalo (Ella jalo)
Me tir√≥ dici√©ndome que la dejaron (La dejaron)
Es otra m√°s que con su coraz√≥n jugaron, ey

[Coro: Juhn]
¬øEse bandido qu√© le hizo? D√≠game por qu√© llora (Llora)
Confi√©seme pa' darle piso y enterrarlo ahora (Ahora)
Que yo la puedo defender a usted si me colabora (-bora)
Le voy a dejar saber a ese man que ya no est√°' sola (Wuh)
¬øEse bandido qu√© le hizo? D√≠game por qu√© llora (D√≠game por qu√© llora)
Confi√©seme pa' darle piso y enterrarlo ahora (Ahora)
Que yo la puedo defender a usted si me colabora (Sirili, woh-oh-oh-oh-oh)
Le voy a dejar saber a ese man que ya no est√° sola (Wuh)

[Verso 1: Myke Towers]
Mi amor, av√≠same si acaso te incomoda
Pa' reventarlo y que sepa que no est√°s sola
Yo te hablo claro, yo no brego con pistola'
Pero tengo el respeto de lo' que controlan
T√∫ ere' hermosa, mami, dime por qu√© llora'
Te har√≠a mi se√±ora
Ella le da lo mismo en un crucero que una yola
Condone' de colore', la parto a lo Crayola
Mujere' como t√∫ uno las desea y las a√±ora (A√±ora)
Dile que t√∫ tiene' vaqueo
Si pone' el booty en reversa
Yo le prendo la c√°mara como cuando parqueo
Le gusta el maleanteo
Dice que la est√°n buscando porque mata la liga, yo se lo creo

[Coro: Myke Towers & Juhn]
¬øEse bandido qu√© le hizo? D√≠game por qu√© llora (Baby, ¬øpor qu√© llora?, ey)
Confi√©seme pa' darle piso y enterrarlo ahora (Pa' meterle ahora, jaja)
Que yo la puedo defender a usted si me colabora (Si me colabora)
Le voy a dejar saber a ese man que ya no est√° sola (Me dicen Juhn ""El All Star"", baby)

[Verso 2: Juhn]
¬øY ese bandido qu√© fue lo que hizo? (Oh-oh)
Confiesa pa' de una darle piso (Piso)
Ya no te quiero ver llorando, ese no vuelve hacerte da√±o
Bebecita, te lo garantizo (¬°Wuh!)
Es que lo de ella y lo m√≠o e' un romance en secreto
Calla'o, bien en discreto, la beso y la aprieto (Oh)
Me la llevo por el mundo y gasto el ticket completo
(Por ella reviento a cualquier sujeto)
A ella le gusta lo malo, lo bueno, lo caro
Titerona, no se asusta si escucha un disparo
El cuerpo e' hermoso, los ojos son claro'
Era mi reina, ahora e' mi diosa, a ella ni la comparo

[Puente: Juhn & Myke Towers]
Qu√© pereza
Verla triste con tanta belleza
Quien da√±√≥ un coraz√≥n con mucha pureza
No sabe tratar con delicadeza (-deza)
Princesa, a √©l no le interesa
Si yo soy el que te toca y te besa
Cuando la vi yo dije: ""Quiero con esa""
Desde esa vez no sales de mi cabeza

[Coro: Juhn & Myke Towers]
¬øEse bandido qu√© le hizo? D√≠game por qu√© llora (Baby, ¬øpor qu√© llora?, ey)
Confi√©seme pa' darle piso y enterrarlo ahora (Pa' meterle ahora, jaja)
Que yo la puedo defender a usted si me colabora (Si me colabora; sirili-woh-oh-oh-oh-oh)
Le voy a dejar saber a ese man que ya no est√° sola (Sola)

[Outro: Juhn & Myke Towers]
¬øEse bandido qu√© le hizo? (Ay)
¬øQu√© le hizo?
Me dicen Juhn ""El All Star, baby""
Este e' Juhn
Myke Towers, baby (Eh-eh-eh)
El All Star
Juhn ""El All Star
Myke Towers
Santana The Golden Boy
Esto e' una combinaci√≥n √∫nica en su clase, baby, jaja (Oh)
(¬øEse bandido qu√© le hizo?)
Las estrellas siempre andan juntas
(¬øQu√© le hizo?)
La Casa Blanca en sociedad con los de Oro
One World (One World)

¬©Ô∏è  If there are any issues with this upload and you want to get your track/background removed, contact me: george@nite.yt

#MykeTowers #Juhn #Bandido #RoyalVibes #Music #Lyrics #LyricVideo #letra #latinmusic #latinpop #latin #spanish #paramiex",91889,1,3446,False,36,33,False
44,aPuNR3FjLJ4,2020-12-17T14:09:14Z,Manuel El Popeye - Te Perd√≠ [Prod. By Yoseik] (Videoclip Oficial),UCRR1gH47ggvjrab3kJ9Nudg,"‚ÄúTe perd√≠‚Äù est√° disponible en todas las plataformas digitales: https://smarturl.it/ElPopeyeTePerdi

Sigue a Manuel El Popeye!
Instagram: https://www.instagram.com/manuel_popeye/
Spotify: https://spoti.fi/2XDbdKI
Apple Music: https://apple.co/2TTcRHc

- Canci√≥n grabada, mezclada y masterizada en MB Sound
- M√∫sica producida por Yoseik
- Letra escrita por Negro Jari
- Videoclip guionizado, dirigido y editado por Mamadou Mbacke (Negro Jari), grabado por La Grieta Estudio.",24518,1,1982,False,32,57,False
45,1Oy6V1GghL0,2020-12-17T14:56:51Z,Shakira & Black Eyed Peas: Girl Like Me (Official BTS Video),UCYLNGLIzMhRTi6ZOLjAPSmw,"Watch the ""Girl Like Me"" Video https://youtu.be/vMLk_T0PPbk

""Translation"" available at: https://Black-Eyed-Peas.lnk.to/Transl...
""GIRL LIKE ME"" Official Audio: https://youtu.be/rGhvqK9eLBg

BTS edited by Xavi Menos

Follow Black Eyed Peas online:
Facebook: https://www.facebook.com/blackeyedpeas
Twitter: https://twitter.com/bep 
Instagram: https://www.instagram.com/bep
More Videos: https://www.youtube.com/playlist?list...

Follow Shakira online:
Instagram: http://www.instagram.com/shakira 
Tik Tok: https://www.tiktok.com/@shakira
Facebook: http://www.facebook.com/shakira 
Twitter: http://www.twitter.com/shakira 
Youtube: https://www.youtube.com/shakira

Lyrics:
Ayy, yeah
Ayy, ayy

So they tell me that you lookin' for a girl like me
So they tell me that you lookin' for a girl like me
Ah-ah-ah, you're lookin' for
A girl like me

La-La-Latinas (Eh)
I want a girl like Shakira, eh
Esa latina est√° rica (Ah)
I want a familia chica que sepa vivir y que viva la vida
I need a bien bonita (Wuh)
Elegante se√±orita (Wuh)
Girl, I want you and I need ya
All of my life, yup, baby, let's team up
I want a girl that shine like glitter (Ping)
A girl that don't need no filter
The real for real
A girl that's a natural killa (Prr)
I wanna girl that's a heater (Hot)
Caliente, off the meter (Hot)
Yo quiero, mira, yo quiero
Una chica que no me diga mentiras

So they tell me that you lookin' for a girl like me
So they tell me that you lookin' for a girl like me
Ah-ah-ah, you're lookin' for
A girl like me
Oye, mami, estoy buscando una chica as√≠
Oye, mami, estoy buscando una chica as√≠
Ah-ah-ah, you're lookin' for
A girl like me

Me llevas en tu mente
Soy adictiva como el az√∫car
Me buscas permanentemente
¬øNo ves que solo quiero jugar?

Latinas, latinas
La-La-Latinas, la-la-latinas

Sac√∫delo como, Shaki
Baby, drop it low on top me
Electric field, so shock me
Your hips don't lie, they rock me
Baby, come get me, you got me
Oye, mami, ven aqu√≠
You know I'm liking what I see
Mu√©velo, mu√©velo, mu√©velo as√≠
Yo quiero una mujer
Una princesa no tiene pa' ver
Esa chick with no boundaries like that fue what ev'
Buena en la cama, she good in the bed
A girl that be using her head (Her head)
To use the cabeza, the best
I want a girl who's a diva
No quiero otra, s√≠, eso es

So they tell me that you lookin' for a girl like me
So they tell me that you lookin' for a girl like me
Ah-ah-ah, you're lookin' for
A girl like me

When I come it shines like glitter
Baby, you know I need no filter
For real, I'm real
You know I'm real
Like that my lips are so glossy
Like how my neck is so bossy
Baby, if you do it my way
Just for the hell of it, I'll let you love me

Latinas, latinas
Sha-Sha-Shakira, Sha-Sha-Shakira

I like latinas
Ones who look like Selena
Shake your bunda like Anitta 
Morena est√°s m√°s fina
I like dominicanas
Boricuas and colombianas
In East L.A. I like the chicans
And they want a piece of the big manzana, eh 

So they tell me that you lookin' for a girl like me
Oye, mami, estoy buscando una chica as√≠
Ah-ah-ah, you're lookin' for
A girl like me

Me llevas en tu mente
Soy adictiva como el az√∫car
Me buscas permanentemente
¬øNo ves que solo quiero jugar?

(C) 2020 BEP Music, LLC, under exclusive license to Epic Records, a division of Sony Music Entertainment

#BlackEyedPeas #Shakira #GIRLLIKEME",377259,1,30283,False,546,2225,False
46,ilApzKgHiow,2020-12-16T19:56:38Z,Sesi√≥n Plenaria (16/12/2020),UCT3tvU3bVxOa3ZiVD-B7h9g,"üî¥ #EnDirecto El presidente del Gobierno, Pedro S√°nchez, comparece en el Congreso para informar sobre las gestiones del Ejecutivo en relaci√≥n con el estado de alarma y para dar cuenta de los √∫ltimos Consejos Europeos celebrados (00:03:42)


üé• Directo: http://app.congreso.es/AudiovisualCongreso/audiovisualEmisionSemiDirecto?codOrgano=400&codSesion=68&idLegislaturaElegida=14 
üìù NdP: https://www.congreso.es/web/guest/notas-de-prensa?p_p_id=notasprensa&p_p_lifecycle=0&p_p_state=normal&p_p_mode=view&_notasprensa_mvcPath=detalle&_notasprensa_notaId=38390 
üóì Orden del D√≠a: https://www.congreso.es/backoffice_doc/atp/orden_dia/pleno_066_15122020.pdf",42736,1,359,False,124,0,True
47,PQCrxV2Ry0A,2020-12-14T11:42:04Z,üî¥ DIRECTO | SORTEO de la CHAMPIONS con EL CHIRINGUITO | Octavos de final | Chiringuito Inside,UCznSLkPhcORf0JhonB7Aegg,"Vive el #sorteoChampions en directo con Josep Pedrerol y el mejor equipo. Real Madrid, Barcelona, Atl√©tico de Madrid y Sevilla conocer√°n sus rivales de octavos de la Champions League. #UCLDraw #Sorteo

Suscr√≠bete si no quieres perderte ninguno de los momentazos de #Chiringuito Inside: https://bit.ly/2LskNfD

‚óÜ Debatimos los temas del momento en Mesa de Redacci√≥n: https://bit.ly/2LnPfHv

‚óÜ Todos los directos de Chiringuito Inside: http://bit.ly/2QIY2nB

‚óÜ Fichajes y f√∫tbol internacional con DIEGO & PARAB√ìLICOS:

‚óÜ Los mejores challenges con los protagonistas de Chiringuito de Jugones: http://bit.ly/2JTgn0U

Descubre Chiringuito Inside, todo lo que a√∫n no has visto en El Chiringuito de Jugones. Directos, opiniones, debates y El Chiringuito de Jugones desde dentro y con todas las caras m√°s conocidas. Josep Pedrerol, Quim Dom√®nech, Crist√≥bal Soria, Alfredo Duro, Carme Barcel√≥,  Lobo Carrasco y muchos m√°s una visi√≥n distinta.

üî¥ DIRECTO | SORTEO de la CHAMPIONS con EL CHIRINGUITO | Octavos de final | Chiringuito Inside
https://youtu.be/PQCrxV2Ry0A",560594,1,11714,False,411,689,False
48,PfOG3YhcjpE,2020-12-17T00:00:02Z,LA RESISTENCIA - Entrevista a Macaco | #LaResistencia 16.12.2020,UCvosUrZ7hXpzAyobhfztg4w,"La Resistencia 4x53 | El cantante Macaco presenta la canci√≥n ‚ÄòMe Matar√°s‚Äô compuesta para la pel√≠cula ‚ÄòNo matar√°s‚Äô.

Suscr√≠bete a /cerotube para tener lo mejor de #0, HAZ CLICK AQU√ç: 
http://www.youtube.com/channel/UCPgvCUSmHWm2177LkwLtZQw?sub_confirmation=1

Descarga la aplicaci√≥n de Movistar+:

iOS: https://apps.apple.com/es/app/movistar/id540674767

Android: https://play.google.com/store/apps/details?id=es.plus.yomvi&hl=es

O sigue viendo el contenido en tu navegador: http://ver.movistarplus.es/?nv=2

Y DESCUBRE M√ÅS EN: http://www.movistarplus.es/cero",376526,1,8644,False,10791,2351,False
49,9yRRcOKZJ1g,2020-12-15T18:00:09Z,"El Alfa ""El Jefe"" x Maceo ""El Perro Blanco"" - Mi Patr√≥n, Mi Pap√° (Video Oficial)",UCEU5ZK7DwN9ppqPFJiGah3A,"Spotify: https://open.spotify.com/album/4Zrwj5HsyEvxwJodezv2ev?si=rC96CJ0gRvCgxiy-dU-IyQ
Itunes: https://music.apple.com/us/album/mi-patron-mi-pap%C3%A1-remix-single/1544838184

Pagina Oficial
http://www.eljefemoneyrecord.com

Sigueme en las redes sociales: 
INSTAGRAM -- @ElAlfaElJefe @dherrera175

¬© 2020 El Jefe Records, LLC",2679574,1,108797,False,3012,7961,False
